,platform,searchTime,searchQuery,searchInteractionURIs,Time_Short,Time,hour,hour_adj,day
0,IPHONE,2023-07-29T05:29:30.638Z[UTC],modnight,['spotify:album:151w1FgRZfnKZA9FEcg9Z3'],2023-07-29T05:29:30,2023-07-29 05:29:30,5,21,29
1,IPHONE_ARM64,2023-07-29T07:39:22.809Z[UTC],modnig,[],2023-07-29T07:39:22,2023-07-29 07:39:22,7,23,29
2,IPHONE,2023-07-29T07:39:24.954Z[UTC],dress,"['spotify:track:6oVxXO5oQ4pTpO8RSnkzvv', 'spotify:album:6DEjYFkNZh67HP7R9PSZvv']",2023-07-29T07:39:24,2023-07-29 07:39:24,7,23,29
3,IPHONE_ARM64,2023-08-06T23:15:14.766Z[UTC],taulor swif,[],2023-08-06T23:15:14,2023-08-06 23:15:14,23,15,6
4,IPHONE,2023-08-06T23:15:15.190Z[UTC],taulor swift,['spotify:playlist:6kh8X00EqGovzCJeYyWVTJ'],2023-08-06T23:15:15,2023-08-06 23:15:15,23,15,6
5,IPHONE_ARM64,2023-08-07T22:16:10.106Z[UTC],superhe,[],2023-08-07T22:16:10,2023-08-07 22:16:10,22,14,7
6,IPHONE,2023-08-07T22:16:10.500Z[UTC],superhero,['spotify:track:0vjeOZ3Ft5jvAi9SBFJm1j'],2023-08-07T22:16:10,2023-08-07 22:16:10,22,14,7
7,IPHONE,2023-08-13T22:12:09.413Z[UTC],ibiza,"['spotify:track:3CCyVdprlcXui4ZwMw1hNS', 'spotify:track:1MtUq6Wp1eQ8PC6BbPCj8P']",2023-08-13T22:12:09,2023-08-13 22:12:09,22,14,13
8,IPHONE,2023-08-14T23:27:05.045Z[UTC],pod qu,['spotify:show:35zqLhxvCBC1dfdtMfYHqh'],2023-08-14T23:27:05,2023-08-14 23:27:05,23,15,14
9,IPHONE_ARM64,2023-08-15T20:26:16.991Z[UTC],ba,[],2023-08-15T20:26:16,2023-08-15 20:26:16,20,12,15
10,IPHONE,2023-08-15T20:26:17.540Z[UTC],back,['spotify:album:6mUdeDZCsExyJLMdAfDuwh'],2023-08-15T20:26:17,2023-08-15 20:26:17,20,12,15
11,IPHONE,2023-08-15T21:32:33.584Z[UTC],back,[],2023-08-15T21:32:33,2023-08-15 21:32:33,21,13,15
12,IPHONE_ARM64,2023-08-15T22:06:45.177Z[UTC],bac,[],2023-08-15T22:06:45,2023-08-15 22:06:45,22,14,15
13,IPHONE_ARM64,2023-08-15T22:06:47.664Z[UTC],too,[],2023-08-15T22:06:47,2023-08-15 22:06:47,22,14,15
14,IPHONE_ARM64,2023-08-15T22:06:47.841Z[UTC],too ,[],2023-08-15T22:06:47,2023-08-15 22:06:47,22,14,15
15,IPHONE,2023-08-15T22:06:53.312Z[UTC],top rock,"['spotify:playlist:1puQ0hv40TUre24cFillJS', 'spotify:playlist:7DgPQwzEoUVfQYBiMLER9Z']",2023-08-15T22:06:53,2023-08-15 22:06:53,22,14,15
16,IPHONE_ARM64,2023-08-15T22:09:56.865Z[UTC],rainbow,[],2023-08-15T22:09:56,2023-08-15 22:09:56,22,14,15
17,IPHONE,2023-08-15T22:10:01.375Z[UTC],rainbow star,['spotify:track:1aDNYyeU62BuQsBAY18i48'],2023-08-15T22:10:01,2023-08-15 22:10:01,22,14,15
18,IPHONE_ARM64,2023-08-15T22:11:13.858Z[UTC],d,[],2023-08-15T22:11:13,2023-08-15 22:11:13,22,14,15
19,IPHONE_ARM64,2023-08-15T22:11:14.299Z[UTC],dont,[],2023-08-15T22:11:14,2023-08-15 22:11:14,22,14,15
20,IPHONE,2023-08-15T22:11:15.570Z[UTC],dont fea,['spotify:track:5QTxFnGygVM4jFQiBovmRo'],2023-08-15T22:11:15,2023-08-15 22:11:15,22,14,15
21,IPHONE,2023-08-15T22:11:30.937Z[UTC],funk ,['spotify:track:5h6SovHOYpIMlAkafxcbq3'],2023-08-15T22:11:30,2023-08-15 22:11:30,22,14,15
22,IPHONE_ARM64,2023-08-15T22:15:27.531Z[UTC],fu,[],2023-08-15T22:15:27,2023-08-15 22:15:27,22,14,15
23,IPHONE_ARM64,2023-08-15T22:15:28.668Z[UTC],si,[],2023-08-15T22:15:28,2023-08-15 22:15:28,22,14,15
24,IPHONE_ARM64,2023-08-15T22:15:31.439Z[UTC],silver machi,[],2023-08-15T22:15:31,2023-08-15 22:15:31,22,14,15
25,IPHONE,2023-08-15T22:15:31.885Z[UTC],silver machine,['spotify:track:2Cdto5zew97V6xF6paKJw9'],2023-08-15T22:15:31,2023-08-15 22:15:31,22,14,15
26,IPHONE_ARM64,2023-08-15T22:17:30.272Z[UTC],sc,[],2023-08-15T22:17:30,2023-08-15 22:17:30,22,14,15
27,IPHONE_ARM64,2023-08-15T22:17:30.640Z[UTC],schoo,[],2023-08-15T22:17:30,2023-08-15 22:17:30,22,14,15
28,IPHONE,2023-08-15T22:17:31.428Z[UTC],schools,['spotify:track:5Z8EDau8uNcP1E8JvmfkZe'],2023-08-15T22:17:31,2023-08-15 22:17:31,22,14,15
29,IPHONE,2023-08-15T22:49:27.801Z[UTC],schools,[],2023-08-15T22:49:27,2023-08-15 22:49:27,22,14,15
30,,2023-08-22T00:49:53.637Z[UTC],e,[],2023-08-22T00:49:53,2023-08-22 00:49:53,0,16,22
31,IPHONE_ARM64,2023-08-22T00:49:53.775Z[UTC],e,[],2023-08-22T00:49:53,2023-08-22 00:49:53,0,16,22
32,,2023-08-22T00:49:53.956Z[UTC],ev,[],2023-08-22T00:49:53,2023-08-22 00:49:53,0,16,22
33,,2023-08-22T00:49:54.058Z[UTC],eve,[],2023-08-22T00:49:54,2023-08-22 00:49:54,0,16,22
34,,2023-08-22T00:49:54.123Z[UTC],ever,[],2023-08-22T00:49:54,2023-08-22 00:49:54,0,16,22
35,IPHONE_ARM64,2023-08-22T00:49:54.233Z[UTC],ever,[],2023-08-22T00:49:54,2023-08-22 00:49:54,0,16,22
36,,2023-08-22T00:49:54.459Z[UTC],every,[],2023-08-22T00:49:54,2023-08-22 00:49:54,0,16,22
37,,2023-08-22T00:49:54.464Z[UTC],everyt,[],2023-08-22T00:49:54,2023-08-22 00:49:54,0,16,22
38,,2023-08-22T00:49:54.577Z[UTC],everyti,[],2023-08-22T00:49:54,2023-08-22 00:49:54,0,16,22
39,,2023-08-22T00:49:54.972Z[UTC],everytim,[],2023-08-22T00:49:54,2023-08-22 00:49:54,0,16,22
40,IPHONE,2023-08-22T00:49:55.191Z[UTC],everytim,"['spotify:track:5YJtMNWKe55yr49cyJgxva', 'spotify:track:0JbZk8LQm3hCecAykIwAPn']",2023-08-22T00:49:55,2023-08-22 00:49:55,0,16,22
41,,2023-08-22T00:50:20.533Z[UTC],everyti,[],2023-08-22T00:50:20,2023-08-22 00:50:20,0,16,22
42,,2023-08-22T00:50:20.656Z[UTC],everyt,[],2023-08-22T00:50:20,2023-08-22 00:50:20,0,16,22
43,,2023-08-22T00:50:20.877Z[UTC],every,[],2023-08-22T00:50:20,2023-08-22 00:50:20,0,16,22
44,,2023-08-22T00:50:21.249Z[UTC],ever,[],2023-08-22T00:50:21,2023-08-22 00:50:21,0,16,22
45,,2023-08-22T00:50:21.251Z[UTC],eve,[],2023-08-22T00:50:21,2023-08-22 00:50:21,0,16,22
46,,2023-08-22T00:50:21.372Z[UTC],ev,[],2023-08-22T00:50:21,2023-08-22 00:50:21,0,16,22
47,,2023-08-22T00:50:21.772Z[UTC],e,[],2023-08-22T00:50:21,2023-08-22 00:50:21,0,16,22
48,,2023-08-22T00:50:22.822Z[UTC],w,[],2023-08-22T00:50:22,2023-08-22 00:50:22,0,16,22
49,,2023-08-22T00:50:22.846Z[UTC],wa,[],2023-08-22T00:50:22,2023-08-22 00:50:22,0,16,22
50,,2023-08-22T00:50:23.011Z[UTC],wav,[],2023-08-22T00:50:23,2023-08-22 00:50:23,0,16,22
51,,2023-08-22T00:50:23.360Z[UTC],wavi,[],2023-08-22T00:50:23,2023-08-22 00:50:23,0,16,22
52,,2023-08-22T00:50:23.458Z[UTC],wavin,[],2023-08-22T00:50:23,2023-08-22 00:50:23,0,16,22
53,IPHONE,2023-08-22T00:50:23.822Z[UTC],wavin,"['spotify:track:02WDuAXXKumemrvsmrVBvH', 'spotify:track:02WDuAXXKumemrvsmrVBvH']",2023-08-22T00:50:23,2023-08-22 00:50:23,0,16,22
54,IPHONE_ARM64,2023-08-22T02:24:16.784Z[UTC],youl,[],2023-08-22T02:24:16,2023-08-22 02:24:16,2,18,22
55,IPHONE_ARM64,2023-08-22T02:24:16.950Z[UTC],youll ,[],2023-08-22T02:24:16,2023-08-22 02:24:16,2,18,22
56,IPHONE,2023-08-22T02:24:20.836Z[UTC],youll be thT girl,"['spotify:track:16Of7eeW44kt0a1M0nitHM', 'spotify:track:2ilQwlzkQSQj8Z5bhzn7YU']",2023-08-22T02:24:20,2023-08-22 02:24:20,2,18,22
57,IPHONE_ARM64,2023-08-22T02:24:29.486Z[UTC],youll be thT girl,[],2023-08-22T02:24:29,2023-08-22 02:24:29,2,18,22
58,IPHONE_ARM64,2023-08-22T03:49:39.204Z[UTC],fifa,[],2023-08-22T03:49:39,2023-08-22 03:49:39,3,19,22
59,IPHONE,2023-08-22T03:49:40.256Z[UTC],fifa so gs,"['spotify:playlist:315j5OaNjSO3C5AifquhBc', 'spotify:playlist:4y85MI3qRoui5GPSHWl8Op']",2023-08-22T03:49:40,2023-08-22 03:49:40,3,19,22
60,IPHONE_ARM64,2023-08-22T03:51:36.081Z[UTC],sports compilatio,[],2023-08-22T03:51:36,2023-08-22 03:51:36,3,19,22
61,IPHONE,2023-08-22T03:51:36.630Z[UTC],sports compilation,['spotify:playlist:1cArAfILR72vIhuIKpOhDP'],2023-08-22T03:51:36,2023-08-22 03:51:36,3,19,22
62,IPHONE_ARM64,2023-08-22T03:51:55.740Z[UTC],lov,[],2023-08-22T03:51:55,2023-08-22 03:51:55,3,19,22
63,IPHONE_ARM64,2023-08-22T03:51:55.935Z[UTC],love,[],2023-08-22T03:51:55,2023-08-22 03:51:55,3,19,22
64,IPHONE,2023-08-22T03:51:58.563Z[UTC],love me again,['spotify:track:4gtnJS9Xq88Dk0WdjyiTy3'],2023-08-22T03:51:58,2023-08-22 03:51:58,3,19,22
65,IPHONE,2023-08-22T03:52:06.286Z[UTC],love me again,['spotify:playlist:3wvTrgMNRFZS7JqmRrQtbk'],2023-08-22T03:52:06,2023-08-22 03:52:06,3,19,22
66,IPHONE_ARM64,2023-08-22T03:53:01.793Z[UTC],soc,[],2023-08-22T03:53:01,2023-08-22 03:53:01,3,19,22
67,IPHONE,2023-08-22T03:53:03.471Z[UTC],soccer comp,"['spotify:playlist:1o0SYAYVjYsiuScIcRLuh9', 'spotify:playlist:5VMjczSHmxcWeDpiUHiBqR', 'spotify:playlist:5VMjczSHmxcWeDpiUHiBqR', 'spotify:playlist:5VMjczSHmxcWeDpiUHiBqR', 'spotify:playlist:0X2bgkPtlrBzm8f21dWCsZ']",2023-08-22T03:53:03,2023-08-22 03:53:03,3,19,22
68,IPHONE_ARM64,2023-08-22T03:54:22.575Z[UTC],whit,[],2023-08-22T03:54:22,2023-08-22 03:54:22,3,19,22
69,IPHONE_ARM64,2023-08-22T03:54:22.948Z[UTC],whitman,[],2023-08-22T03:54:22,2023-08-22 03:54:22,3,19,22
70,IPHONE_ARM64,2023-08-22T03:54:24.218Z[UTC],whitman pre,[],2023-08-22T03:54:24,2023-08-22 03:54:24,3,19,22
71,IPHONE_ARM64,2023-08-22T03:54:26.674Z[UTC],whitman preg,[],2023-08-22T03:54:26,2023-08-22 03:54:26,3,19,22
72,IPHONE_ARM64,2023-08-22T03:54:26.786Z[UTC],whitman pre,[],2023-08-22T03:54:26,2023-08-22 03:54:26,3,19,22
73,IPHONE,2023-08-22T03:54:29.239Z[UTC],whitman soccer,[],2023-08-22T03:54:29,2023-08-22 03:54:29,3,19,22
74,IPHONE,2023-08-22T03:54:32.574Z[UTC],whitman socce,[],2023-08-22T03:54:32,2023-08-22 03:54:32,3,19,22
75,IPHONE_ARM64,2023-08-22T03:54:33.686Z[UTC],whitm,[],2023-08-22T03:54:33,2023-08-22 03:54:33,3,19,22
76,IPHONE_ARM64,2023-08-22T03:54:33.702Z[UTC],whitma,[],2023-08-22T03:54:33,2023-08-22 03:54:33,3,19,22
77,IPHONE_ARM64,2023-08-22T03:54:35.277Z[UTC],be,[],2023-08-22T03:54:35,2023-08-22 03:54:35,3,19,22
78,IPHONE,2023-08-22T04:15:25.914Z[UTC],bernie jones,[],2023-08-22T04:15:25,2023-08-22 04:15:25,4,20,22
79,IPHONE,2023-08-22T05:49:22.576Z[UTC],bernie jones,[],2023-08-22T05:49:22,2023-08-22 05:49:22,5,21,22
80,IPHONE,2023-08-23T16:56:15.868Z[UTC],top,['spotify:playlist:37i9dQZEVXbLRQDuF5jeBp'],2023-08-23T16:56:15,2023-08-23 16:56:15,16,8,23
81,IPHONE,2023-08-23T16:59:11.659Z[UTC],world in motion,"['spotify:track:47x8g4l24IpCvlcRxv2Jb6', 'spotify:playlist:4ehzkFK3e6VUUfAH8yTkms']",2023-08-23T16:59:11,2023-08-23 16:59:11,16,8,23
82,IPHONE,2023-08-23T17:08:23.231Z[UTC],best fifa,"['spotify:playlist:315j5OaNjSO3C5AifquhBc', 'spotify:playlist:4y85MI3qRoui5GPSHWl8Op']",2023-08-23T17:08:23,2023-08-23 17:08:23,17,9,23
83,IPHONE_ARM64,2023-08-23T17:11:08.054Z[UTC],memor,[],2023-08-23T17:11:08,2023-08-23 17:11:08,17,9,23
84,IPHONE,2023-08-23T17:11:08.213Z[UTC],memory,[],2023-08-23T17:11:08,2023-08-23 17:11:08,17,9,23
85,IPHONE,2023-08-23T20:42:31.174Z[UTC],paint,"['spotify:track:2IGMVunIBsBLtEQyoI1Mu7', 'spotify:track:63T7DJ1AFDD6Bn8VzG6JE8']",2023-08-23T20:42:31,2023-08-23 20:42:31,20,12,23
86,IPHONE_ARM64,2023-08-25T20:03:48.895Z[UTC],s,[],2023-08-25T20:03:48,2023-08-25 20:03:48,20,12,25
87,IPHONE,2023-08-25T20:03:50.031Z[UTC],summer,['spotify:track:2dBwB667LHQkLhdYlwLUZK'],2023-08-25T20:03:50,2023-08-25 20:03:50,20,12,25
88,IPHONE_ARM64,2023-08-25T20:03:55.427Z[UTC],su,[],2023-08-25T20:03:55,2023-08-25 20:03:55,20,12,25
89,IPHONE,2023-08-25T20:04:06.887Z[UTC],snow,['spotify:track:1wtOxkiel43cVs0Yux5Q4h'],2023-08-25T20:04:06,2023-08-25 20:04:06,20,12,25
90,IPHONE_ARM64,2023-08-25T20:16:45.343Z[UTC],sno,[],2023-08-25T20:16:45,2023-08-25 20:16:45,20,12,25
91,IPHONE_ARM64,2023-08-25T20:16:50.057Z[UTC],doja ca,[],2023-08-25T20:16:50,2023-08-25 20:16:50,20,12,25
92,IPHONE,2023-08-25T20:16:50.312Z[UTC],doja cat,['spotify:artist:5cj0lLjcoR7YOSnhnX0Po5'],2023-08-25T20:16:50,2023-08-25 20:16:50,20,12,25
93,IPHONE_ARM64,2023-08-25T20:17:54.448Z[UTC],ac,[],2023-08-25T20:17:54,2023-08-25 20:17:54,20,12,25
94,IPHONE,2023-08-25T20:17:56.005Z[UTC],act up,['spotify:track:3A2yGHWIzmGEIolwonU69h'],2023-08-25T20:17:56,2023-08-25 20:17:56,20,12,25
95,IPHONE,2023-08-25T20:26:41.290Z[UTC],selen,['spotify:artist:0C8ZW7ezQVs4URX5aX7Kqx'],2023-08-25T20:26:41,2023-08-25 20:26:41,20,12,25
96,IPHONE_ARM64,2023-08-25T20:30:29.647Z[UTC],so,[],2023-08-25T20:30:29,2023-08-25 20:30:29,20,12,25
97,IPHONE,2023-08-25T20:30:30.776Z[UTC],soccer,"['spotify:playlist:4WZVWmspHQDYEDTDhRgbm2', 'spotify:playlist:0yjai7JFhUtxSQqamaqBBI']",2023-08-25T20:30:30,2023-08-25 20:30:30,20,12,25
98,IPHONE_ARM64,2023-08-25T20:31:38.977Z[UTC],m,[],2023-08-25T20:31:38,2023-08-25 20:31:38,20,12,25
99,IPHONE_ARM64,2023-08-25T20:31:38Z[UTC],so,[],2023-08-25T20:31:38,2023-08-25 20:31:38,20,12,25
100,IPHONE,2023-08-25T20:31:42.682Z[UTC],magic in the air,"['spotify:track:3s6ltUrI93LBKU8taezsLn', 'spotify:track:3s6ltUrI93LBKU8taezsLn', 'spotify:playlist:58v6vKphTJIR8mdG3ZhLBZ']",2023-08-25T20:31:42,2023-08-25 20:31:42,20,12,25
101,IPHONE,2023-08-25T20:37:16.198Z[UTC],tiktok,['spotify:track:0HPD5WQqrq7wPWR7P7Dw1i'],2023-08-25T20:37:16,2023-08-25 20:37:16,20,12,25
102,IPHONE_ARM64,2023-08-31T04:42:44.276Z[UTC],do,[],2023-08-31T04:42:44,2023-08-31 04:42:44,4,20,31
103,IPHONE,2023-08-31T04:42:45.511Z[UTC],doses,"['spotify:track:44CZRkOxv7UItaAUmh8PgN', 'spotify:track:44CZRkOxv7UItaAUmh8PgN']",2023-08-31T04:42:45,2023-08-31 04:42:45,4,20,31
104,IPHONE_ARM64,2023-08-31T04:57:40.538Z[UTC],fo,[],2023-08-31T04:57:40,2023-08-31 04:57:40,4,20,31
105,IPHONE,2023-08-31T04:57:41.685Z[UTC],foster,['spotify:artist:7gP3bB2nilZXLfPHJhMdvc'],2023-08-31T04:57:41,2023-08-31 04:57:41,4,20,31
106,IPHONE_ARM64,2023-09-01T18:10:02.453Z[UTC],d,[],2023-09-01T18:10:02,2023-09-01 18:10:02,18,10,1
107,IPHONE_ARM64,2023-09-01T18:10:03.980Z[UTC],d,[],2023-09-01T18:10:03,2023-09-01 18:10:03,18,10,1
108,IPHONE_ARM64,2023-09-01T18:10:04.705Z[UTC],di,[],2023-09-01T18:10:04,2023-09-01 18:10:04,18,10,1
109,IPHONE,2023-09-01T18:10:05.596Z[UTC],disco,['spotify:artist:7aaUzg2BMYDI4YRSrmr8kO'],2023-09-01T18:10:05,2023-09-01 18:10:05,18,10,1
110,IPHONE,2023-09-01T21:52:31.460Z[UTC],magic,['spotify:track:3s6ltUrI93LBKU8taezsLn'],2023-09-01T21:52:31,2023-09-01 21:52:31,21,13,1
111,IPHONE,2023-09-06T18:59:08.558Z[UTC],A,['spotify:artist:6s22t5Y3prQHyaHWUN1R1C'],2023-09-06T18:59:08,2023-09-06 18:59:08,18,10,6
112,IPHONE,2023-09-08T21:03:50.881Z[UTC],where you,['spotify:track:6hI3PnULFXwkOQSHLHNfOO'],2023-09-08T21:03:50,2023-09-08 21:03:50,21,13,8
113,IPHONE_ARM64,2023-09-10T16:10:57.111Z[UTC],rh,[],2023-09-10T16:10:57,2023-09-10 16:10:57,16,8,10
114,IPHONE_ARM64,2023-09-10T16:10:57.640Z[UTC],rhym,[],2023-09-10T16:10:57,2023-09-10 16:10:57,16,8,10
115,IPHONE,2023-09-10T16:10:58.680Z[UTC],rhymes l,['spotify:track:6OkDb9fyi22Pr6QJIrUNdJ'],2023-09-10T16:10:58,2023-09-10 16:10:58,16,8,10
116,OSX_ARM64,2023-09-11T03:20:45.435Z[UTC],wh,[],2023-09-11T03:20:45,2023-09-11 03:20:45,3,19,11
117,OSX_ARM64,2023-09-11T03:20:46.966Z[UTC],where,[],2023-09-11T03:20:46,2023-09-11 03:20:46,3,19,11
118,OSX_ARM64,2023-09-11T03:20:47.586Z[UTC],where ,[],2023-09-11T03:20:47,2023-09-11 03:20:47,3,19,11
119,OSX_ARM64,2023-09-11T03:20:58.521Z[UTC],where you,[],2023-09-11T03:20:58,2023-09-11 03:20:58,3,19,11
120,IPHONE,2023-09-15T03:51:27.117Z[UTC],galantis,['spotify:artist:4sTQVOfp9vEMCemLw50sbu'],2023-09-15T03:51:27,2023-09-15 03:51:27,3,19,15
121,IPHONE_ARM64,2023-09-15T03:52:13.864Z[UTC],never,[],2023-09-15T03:52:13,2023-09-15 03:52:13,3,19,15
122,IPHONE,2023-09-15T03:52:14.371Z[UTC],never be ,['spotify:track:5WI2ltQIdwgzf1SNE76JyR'],2023-09-15T03:52:14,2023-09-15 03:52:14,3,19,15
123,IPHONE,2023-09-15T05:31:07.538Z[UTC],greed,['spotify:artist:45dkTj5sMRSjrmBSBeiHym'],2023-09-15T05:31:07,2023-09-15 05:31:07,5,21,15
124,IPHONE,2023-09-15T05:41:12.064Z[UTC],rich bruan,['spotify:artist:2IDLDx25HU1nQMKde4n61a'],2023-09-15T05:41:12,2023-09-15 05:41:12,5,21,15
125,IPHONE,2023-09-21T06:37:10.044Z[UTC],post m,"['spotify:artist:246dkjvS1zLTtiykXe5h60', 'spotify:search:post+malone']",2023-09-21T06:37:10,2023-09-21 06:37:10,6,22,21
126,IPHONE,2023-09-21T06:38:00.451Z[UTC],post malone,"['spotify:artist:246dkjvS1zLTtiykXe5h60', 'spotify:playlist:1jlgagZD8ZXkUFdIgYuz8m']",2023-09-21T06:38:00,2023-09-21 06:38:00,6,22,21
127,IPHONE_ARM64,2023-09-26T05:45:18.481Z[UTC],t,[],2023-09-26T05:45:18,2023-09-26 05:45:18,5,21,26
128,IPHONE,2023-09-26T05:45:20.436Z[UTC],taylor,['spotify:artist:06HL4z0CvFAxyc27GXpf02'],2023-09-26T05:45:20,2023-09-26 05:45:20,5,21,26
129,IPHONE,2023-10-04T03:21:23.698Z[UTC],worth jt,"['spotify:track:4XiGKQqbmnMVxDzUj6j3f2', 'spotify:track:41Fflg7qHiVOD6dEPvsCzO']",2023-10-04T03:21:23,2023-10-04 03:21:23,3,19,4
130,IPHONE,2023-10-04T03:39:20.509Z[UTC],m Iâ€™m,[],2023-10-04T03:39:20,2023-10-04 03:39:20,3,19,4
131,IPHONE_ARM64,2023-10-04T03:39:42.047Z[UTC],im t,[],2023-10-04T03:39:42,2023-10-04 03:39:42,3,19,4
132,IPHONE_ARM64,2023-10-04T03:39:42.932Z[UTC],im trynn,[],2023-10-04T03:39:42,2023-10-04 03:39:42,3,19,4
133,IPHONE_ARM64,2023-10-04T03:39:43.335Z[UTC],im trynna,[],2023-10-04T03:39:43,2023-10-04 03:39:43,3,19,4
134,IPHONE_ARM64,2023-10-04T03:39:44.718Z[UTC],im trynna fuck ,[],2023-10-04T03:39:44,2023-10-04 03:39:44,3,19,4
135,IPHONE,2023-10-04T03:39:49.932Z[UTC],im trynna fuck you baby hop,[],2023-10-04T03:39:49,2023-10-04 03:39:49,3,19,4
136,IPHONE_ARM64,2023-10-04T03:39:55.152Z[UTC],im trynna fuck you baby,[],2023-10-04T03:39:55,2023-10-04 03:39:55,3,19,4
137,IPHONE_ARM64,2023-10-04T03:39:56.310Z[UTC],im trynna fuc,[],2023-10-04T03:39:56,2023-10-04 03:39:56,3,19,4
138,IPHONE_ARM64,2023-10-04T03:39:57.261Z[UTC],im,[],2023-10-04T03:39:57,2023-10-04 03:39:57,3,19,4
139,IPHONE_ARM64,2023-10-04T03:40:00.062Z[UTC],hopefully ,[],2023-10-04T03:40:00,2023-10-04 03:40:00,3,19,4
140,IPHONE,2023-10-04T03:40:01.135Z[UTC],hopefully we d,['spotify:search:hopefully%2C+we+don%27t+have+no+babies'],2023-10-04T03:40:01,2023-10-04 03:40:01,3,19,4
141,IPHONE,2023-10-04T03:40:02.987Z[UTC],"hopefully, we don't have no babies",['spotify:track:6XHVuErjQ4XNm6nDPVCxVX'],2023-10-04T03:40:02,2023-10-04 03:40:02,3,19,4
142,IPHONE_ARM64,2023-10-04T03:46:29.483Z[UTC],amoo,[],2023-10-04T03:46:29,2023-10-04 03:46:29,3,19,4
143,IPHONE,2023-10-04T03:46:35.863Z[UTC],smooth jazz,['spotify:playlist:37i9dQZF1DX4wta20PHgwo'],2023-10-04T03:46:35,2023-10-04 03:46:35,3,19,4
144,IPHONE_ARM64,2023-10-06T04:14:31.654Z[UTC],strange,[],2023-10-06T04:14:31,2023-10-06 04:14:31,4,20,6
145,IPHONE,2023-10-06T04:14:32.382Z[UTC],strangers,['spotify:track:5mjYQaktjmjcMKcUIcqz4s'],2023-10-06T04:14:32,2023-10-06 04:14:32,4,20,6
146,IPHONE_ARM64,2023-10-06T04:14:40.822Z[UTC],s,[],2023-10-06T04:14:40,2023-10-06 04:14:40,4,20,6
147,IPHONE,2023-10-06T04:14:42.454Z[UTC],strangers,['spotify:track:1imCWWeN4PZAaXoBYuER9O'],2023-10-06T04:14:42,2023-10-06 04:14:42,4,20,6
148,IPHONE_ARM64,2023-10-10T01:49:24.730Z[UTC],i feel ,[],2023-10-10T01:49:24,2023-10-10 01:49:24,1,17,10
149,IPHONE_ARM64,2023-10-10T01:49:26.018Z[UTC],i feel it co,[],2023-10-10T01:49:26,2023-10-10 01:49:26,1,17,10
150,IPHONE_ARM64,2023-10-10T01:49:36.493Z[UTC],i feel it comkng in the air ton,[],2023-10-10T01:49:36,2023-10-10 01:49:36,1,17,10
151,IPHONE,2023-10-10T01:49:37.142Z[UTC],i feel it comkng in the air tonight,['spotify:track:18AXbzPzBS8Y3AkgSxzJPb'],2023-10-10T01:49:37,2023-10-10 01:49:37,1,17,10
152,IPHONE_ARM64,2023-10-10T19:39:29.686Z[UTC],yaaa,[],2023-10-10T19:39:29,2023-10-10 19:39:29,19,11,10
153,IPHONE_ARM64,2023-10-10T19:39:30.097Z[UTC],ya,[],2023-10-10T19:39:30,2023-10-10 19:39:30,19,11,10
154,IPHONE,2023-10-10T19:39:34.035Z[UTC],yaat,['spotify:track:2YSzYUF3jWqb9YP9VXmpjE'],2023-10-10T19:39:34,2023-10-10 19:39:34,19,11,10
155,IPHONE,2023-10-10T19:39:58.823Z[UTC],gyat,['spotify:track:4rXLjWdF2ZZpXCVTfWcshS'],2023-10-10T19:39:58,2023-10-10 19:39:58,19,11,10
156,IPHONE_ARM64,2023-10-11T03:50:45.619Z[UTC],bi,[],2023-10-11T03:50:45,2023-10-11 03:50:45,3,19,11
157,IPHONE_ARM64,2023-10-11T03:50:48.523Z[UTC],bite back woth ,[],2023-10-11T03:50:48,2023-10-11 03:50:48,3,19,11
158,IPHONE,2023-10-11T03:50:49.073Z[UTC],bite back woth it,"['spotify:track:2jeZAkBX4ANm4VA2IqZ3Po', 'spotify:album:3cJPtWjwGcs6DRakCna7c1', 'spotify:show:4hynVIVVRuwygDb7vUVtAt', 'spotify:track:0n5OzgqGKHzSNVmqNSTloF', 'spotify:track:3cZ4FuXSKvzqFiqMUf2Egh', 'spotify:track:05wnneBPEhlLNnw4NsnESh', 'spotify:track:2WVwBNtzstVflbwYQukU3A']",2023-10-11T03:50:49,2023-10-11 03:50:49,3,19,11
159,IPHONE,2023-10-11T03:51:25.903Z[UTC],back with it,['spotify:track:20on25jryn53hWghthWWW3'],2023-10-11T03:51:25,2023-10-11 03:51:25,3,19,11
160,IPHONE_ARM64,2023-10-11T03:52:16.652Z[UTC],mmm eight ,[],2023-10-11T03:52:16,2023-10-11 03:52:16,3,19,11
161,IPHONE_ARM64,2023-10-11T03:52:18.511Z[UTC],mmm eight bac,[],2023-10-11T03:52:18,2023-10-11 03:52:18,3,19,11
162,IPHONE_ARM64,2023-10-11T03:52:22.136Z[UTC],m,[],2023-10-11T03:52:22,2023-10-11 03:52:22,3,19,11
163,IPHONE_ARM64,2023-10-11T03:52:23.435Z[UTC],ti,[],2023-10-11T03:52:23,2023-10-11 03:52:23,3,19,11
164,IPHONE,2023-10-11T03:52:26.478Z[UTC],tight back,['spotify:track:5A1w94uzc1kO1Zhe8WWxC3'],2023-10-11T03:52:26,2023-10-11 03:52:26,3,19,11
165,IPHONE_ARM64,2023-10-11T03:56:20.882Z[UTC],ri,[],2023-10-11T03:56:20,2023-10-11 03:56:20,3,19,11
166,IPHONE_ARM64,2023-10-11T03:56:21.056Z[UTC],rig,[],2023-10-11T03:56:21,2023-10-11 03:56:21,3,19,11
167,IPHONE_ARM64,2023-10-11T03:56:21.867Z[UTC],right ,[],2023-10-11T03:56:21,2023-10-11 03:56:21,3,19,11
168,IPHONE_ARM64,2023-10-11T03:56:22.129Z[UTC],right b,[],2023-10-11T03:56:22,2023-10-11 03:56:22,3,19,11
169,IPHONE_ARM64,2023-10-11T03:56:24.068Z[UTC],right back with,[],2023-10-11T03:56:24,2023-10-11 03:56:24,3,19,11
170,IPHONE_ARM64,2023-10-11T03:56:24.347Z[UTC],right back wit,[],2023-10-11T03:56:24,2023-10-11 03:56:24,3,19,11
171,IPHONE,2023-10-11T03:56:25.937Z[UTC],right back wit it,"['spotify:track:4YfF0cZEBtCju02dhXfifE', 'spotify:track:4YfF0cZEBtCju02dhXfifE', 'spotify:track:6PYnUsNEpYC7A4BS2sjw3L', 'spotify:playlist:12SSyvDBLtTELgJEKROGL4']",2023-10-11T03:56:25,2023-10-11 03:56:25,3,19,11
172,IPHONE_ARM64,2023-10-11T03:57:16.489Z[UTC],bute bac,[],2023-10-11T03:57:16,2023-10-11 03:57:16,3,19,11
173,IPHONE_ARM64,2023-10-11T03:57:19.758Z[UTC],bite,[],2023-10-11T03:57:19,2023-10-11 03:57:19,3,19,11
174,IPHONE_ARM64,2023-10-11T03:57:21.169Z[UTC],bite back w,[],2023-10-11T03:57:21,2023-10-11 03:57:21,3,19,11
175,IPHONE_ARM64,2023-10-11T03:57:21.440Z[UTC],bite back wit,[],2023-10-11T03:57:21,2023-10-11 03:57:21,3,19,11
176,IPHONE,2023-10-11T03:57:22.462Z[UTC],bite back wit it,"['spotify:track:1lXofGJvQoTFSMTq616jwR', 'spotify:track:2jeZAkBX4ANm4VA2IqZ3Po', 'spotify:track:3xx6rDw2QZKSCrdoAqjEV9', 'spotify:track:1lmVi0NhAML7pd6viyYqMH', 'spotify:track:1lmVi0NhAML7pd6viyYqMH', 'spotify:track:6MgqHZFAVhqe16zCX8VVsl', 'spotify:track:5pedH2sXKvKCYaL51uzCpS']",2023-10-11T03:57:22,2023-10-11 03:57:22,3,19,11
177,IPHONE_ARM64,2023-10-11T03:58:39.159Z[UTC],t,[],2023-10-11T03:58:39,2023-10-11 03:58:39,3,19,11
178,IPHONE,2023-10-11T03:58:43.621Z[UTC],top 100,[],2023-10-11T03:58:43,2023-10-11 03:58:43,3,19,11
179,IPHONE,2023-10-11T03:58:45.069Z[UTC],top ,"['spotify:playlist:37i9dQZEVXbLRQDuF5jeBp', 'spotify:playlist:37i9dQZEVXbMDoHDwVN2tF']",2023-10-11T03:58:45,2023-10-11 03:58:45,3,19,11
180,IPHONE_ARM64,2023-10-11T04:01:21.123Z[UTC],t,[],2023-10-11T04:01:21,2023-10-11 04:01:21,4,20,11
181,IPHONE,2023-10-11T04:01:27.266Z[UTC],wit me,"['spotify:track:3oDkdAySo1VQQG0ptV7uwa', 'spotify:track:7A20WnLkjtZU2d7hIB6Ziu', 'spotify:track:6UKe5LGhNyY7sKF71ZPL5D', 'spotify:track:4FMtPpDo4l4AJitaFxvaMV', 'spotify:track:4i9q3KdgfC90Xy2jzrWREn']",2023-10-11T04:01:27,2023-10-11 04:01:27,4,20,11
182,IPHONE_ARM64,2023-10-11T04:04:25.971Z[UTC],fightwit me,[],2023-10-11T04:04:25,2023-10-11 04:04:25,4,20,11
183,IPHONE_ARM64,2023-10-11T04:04:27.404Z[UTC],fight fawit me,[],2023-10-11T04:04:27,2023-10-11 04:04:27,4,20,11
184,IPHONE_ARM64,2023-10-11T04:04:43.331Z[UTC],t,[],2023-10-11T04:04:43,2023-10-11 04:04:43,4,20,11
185,IPHONE_ARM64,2023-10-11T04:04:46.224Z[UTC],top 100 ,[],2023-10-11T04:04:46,2023-10-11 04:04:46,4,20,11
186,IPHONE,2023-10-11T04:04:47.572Z[UTC],top 100 rap,"['spotify:playlist:1mjARvpqd27a1RJ1RCkctm', 'spotify:playlist:6UeSakyzhiEt4NB3UAd6NQ', 'spotify:playlist:3JlmwHsilEdmIsZHdAqwVV']",2023-10-11T04:04:47,2023-10-11 04:04:47,4,20,11
187,IPHONE,2023-10-11T04:59:21.011Z[UTC],top 100 ra,['spotify:playlist:4DRucbDRrVaqdf9AlGur43'],2023-10-11T04:59:21,2023-10-11 04:59:21,4,20,11
188,IPHONE,2023-10-11T05:00:10.803Z[UTC],roddi ,['spotify:artist:757aE44tKEUQEqRuT6GnEB'],2023-10-11T05:00:10,2023-10-11 05:00:10,5,21,11
189,IPHONE_ARM64,2023-10-11T05:48:54.309Z[UTC],roddi,[],2023-10-11T05:48:54,2023-10-11 05:48:54,5,21,11
190,IPHONE_ARM64,2023-10-11T05:48:57.487Z[UTC],will you ,[],2023-10-11T05:48:57,2023-10-11 05:48:57,5,21,11
191,IPHONE_ARM64,2023-10-11T05:49:00.183Z[UTC],will you breK,[],2023-10-11T05:49:00,2023-10-11 05:49:00,5,21,11
192,IPHONE_ARM64,2023-10-11T05:49:00.421Z[UTC],will you bre,[],2023-10-11T05:49:00,2023-10-11 05:49:00,5,21,11
193,IPHONE_ARM64,2023-10-11T05:49:01.577Z[UTC],will you brea,[],2023-10-11T05:49:01,2023-10-11 05:49:01,5,21,11
194,IPHONE_ARM64,2023-10-11T05:49:04.096Z[UTC],will you break bread with,[],2023-10-11T05:49:04,2023-10-11 05:49:04,5,21,11
195,IPHONE,2023-10-11T05:49:04.725Z[UTC],will you break bread with me,"['spotify:track:20iSqramPji5ojekwLk6Ye', 'spotify:track:7r81Tfgk0ECt7FXPSUrAPd']",2023-10-11T05:49:04,2023-10-11 05:49:04,5,21,11
196,IPHONE_ARM64,2023-10-11T05:52:42.392Z[UTC],w break bread with me,[],2023-10-11T05:52:42,2023-10-11 05:52:42,5,21,11
197,IPHONE,2023-10-11T05:52:42.729Z[UTC], break bread with me,['spotify:playlist:1QRcLsCck8sKyo3r0Pozq1'],2023-10-11T05:52:42,2023-10-11 05:52:42,5,21,11
198,IPHONE_ARM64,2023-10-11T07:02:47.518Z[UTC],can you break ,[],2023-10-11T07:02:47,2023-10-11 07:02:47,7,23,11
199,IPHONE_ARM64,2023-10-11T07:02:48.492Z[UTC],can you break brea,[],2023-10-11T07:02:48,2023-10-11 07:02:48,7,23,11
200,IPHONE_ARM64,2023-10-11T07:02:48.836Z[UTC],can you break bread,[],2023-10-11T07:02:48,2023-10-11 07:02:48,7,23,11
201,IPHONE,2023-10-11T07:02:56.591Z[UTC],can you break bread with m,[],2023-10-11T07:02:56,2023-10-11 07:02:56,7,23,11
202,IPHONE_ARM64,2023-10-11T07:02:57.456Z[UTC],can you break bread ,[],2023-10-11T07:02:57,2023-10-11 07:02:57,7,23,11
203,IPHONE_ARM64,2023-10-11T07:02:57.813Z[UTC],can you break bre,[],2023-10-11T07:02:57,2023-10-11 07:02:57,7,23,11
204,IPHONE_ARM64,2023-10-11T07:02:58.475Z[UTC],can you br,[],2023-10-11T07:02:58,2023-10-11 07:02:58,7,23,11
205,IPHONE_ARM64,2023-10-11T07:03:01.091Z[UTC],break,[],2023-10-11T07:03:01,2023-10-11 07:03:01,7,23,11
206,IPHONE_ARM64,2023-10-11T07:03:03.792Z[UTC],break br,[],2023-10-11T07:03:03,2023-10-11 07:03:03,7,23,11
207,IPHONE_ARM64,2023-10-11T07:03:07.454Z[UTC],break br,[],2023-10-11T07:03:07,2023-10-11 07:03:07,7,23,11
208,IPHONE,2023-10-20T16:43:48.760Z[UTC],don omar,['spotify:artist:33ScadVnbm2X8kkUqOkC6Z'],2023-10-20T16:43:48,2023-10-20 16:43:48,16,8,20
209,IPHONE_ARM64,2023-10-20T16:44:52.847Z[UTC],don oma,[],2023-10-20T16:44:52,2023-10-20 16:44:52,16,8,20
210,IPHONE_ARM64,2023-10-20T16:44:58.864Z[UTC],ivy qu,[],2023-10-20T16:44:58,2023-10-20 16:44:58,16,8,20
211,IPHONE,2023-10-20T16:44:59.535Z[UTC],ivy quee,"['spotify:artist:6p2442ymrT9lZEuCZJdYcH', 'spotify:artist:33ScadVnbm2X8kkUqOkC6Z']",2023-10-20T16:44:59,2023-10-20 16:44:59,16,8,20
212,IPHONE_ARM64,2023-10-24T03:52:19.601Z[UTC],h,[],2023-10-24T03:52:19,2023-10-24 03:52:19,3,19,24
213,IPHONE,2023-10-24T03:52:20.977Z[UTC],high all,"['spotify:track:14OxJlLdcHNpgsm4DRwDOB', 'spotify:track:62N2JSA0jHmSH7Va9t7hIf', 'spotify:track:14OxJlLdcHNpgsm4DRwDOB', 'spotify:playlist:7qf1aRjaEYCc9tmgVqji6K']",2023-10-24T03:52:20,2023-10-24 03:52:20,3,19,24
